<?xml version="1.0" encoding="UTF-8"?>
<project-private xmlns="http://www.netbeans.org/ns/project-private/1">
    <editor-bookmarks xmlns="http://www.netbeans.org/ns/editor-bookmarks/2" lastBookmarkId="0"/>
    <open-files xmlns="http://www.netbeans.org/ns/projectui-open-files/2">
        <group>
            <file>file:/C:/Users/laboratorio/Desktop/CrudCompletoJSF/src/java/br/com/mensagem/entidade/User.java</file>
            <file>file:/C:/Users/laboratorio/Desktop/CrudCompletoJSF/src/java/br/com/mensagem/entidade/Mensagem.java</file>
            <file>file:/C:/Users/laboratorio/Desktop/CrudCompletoJSF/src/java/br/com/mensagem/bean/UserBean.java</file>
            <file>file:/C:/Users/laboratorio/Desktop/CrudCompletoJSF/web/cadastro_login.xhtml</file>
            <file>file:/C:/Users/laboratorio/Desktop/CrudCompletoJSF/src/java/br/com/mensagem/DAO/MensagemDAO.java</file>
            <file>file:/C:/Users/laboratorio/Desktop/CrudCompletoJSF/web/mensagem.xhtml</file>
            <file>file:/C:/Users/laboratorio/Desktop/CrudCompletoJSF/web/cadastro.xhtml</file>
            <file>file:/C:/Users/laboratorio/Desktop/CrudCompletoJSF/web/index.xhtml</file>
            <file>file:/C:/Users/laboratorio/Desktop/CrudCompletoJSF/src/java/br/com/mensagem/bean/MensagemBean.java</file>
        </group>
    </open-files>
</project-private>
