<?xml version="1.0" encoding="UTF-8"?>
<project-private xmlns="http://www.netbeans.org/ns/project-private/1">
    <editor-bookmarks xmlns="http://www.netbeans.org/ns/editor-bookmarks/2" lastBookmarkId="0"/>
    <open-files xmlns="http://www.netbeans.org/ns/projectui-open-files/2">
        <group>
            <file>file:/home/diego/NetBeansProjects/SisEscola2/web/formaluno.xhtml</file>
            <file>file:/home/diego/NetBeansProjects/SisEscola2/web/menu.xhtml</file>
            <file>file:/home/diego/NetBeansProjects/SisEscola2/web/formdisciplina.xhtml</file>
            <file>file:/home/diego/NetBeansProjects/SisEscola2/web/formturma.xhtml</file>
            <file>file:/home/diego/NetBeansProjects/SisEscola2/web/formusuario.xhtml</file>
            <file>file:/home/diego/NetBeansProjects/SisEscola2/src/java/br/com/usuario/entidade/Usuario.java</file>
            <file>file:/home/diego/NetBeansProjects/SisEscola2/src/java/br/com/usuario/DAO/UsuarioDAO.java</file>
            <file>file:/home/diego/NetBeansProjects/SisEscola2/src/java/br/com/usuario/bean/UsuarioBean.java</file>
            <file>file:/home/diego/NetBeansProjects/SisEscola2/web/formprof.xhtml</file>
        </group>
    </open-files>
</project-private>
